test_id,citizen_id,test_date,test_place,test_result
0,121,2020-10-23 07:46:08.401796,Edwardsville,False
1,62,2021-02-08 19:40:56.378783,Pheasant Run,False
2,46,2020-04-19 13:49:55.594750,Winooski,False
3,86,2020-08-17 16:08:52.715303,Knik River,False
4,85,2021-08-26 15:47:53.172442,Merrill,False
5,92,2020-05-25 11:34:20.479290,Deerfield,False
6,83,2020-06-18 13:23:14.384445,St. John,False
7,45,2021-05-03 18:02:24.787397,Montpelier,False
8,12,2020-04-15 14:07:26.349744,North Barrington,False
9,113,2020-08-10 20:16:13.247553,Barahona,False
10,96,2020-12-28 06:20:30.650025,Bon Aqua Junction,False
11,94,2021-06-12 01:12:23.269995,Browndell,False
12,62,2021-06-06 05:37:12.119777,Ogilvie,False
13,116,2021-04-08 23:04:08.941495,Mount Savage,False
14,103,2021-08-24 18:35:59.795938,Smithton,False
15,98,2021-02-02 16:30:05.201315,Bolingbrook,False
16,118,2021-03-03 04:59:17.808178,Los Osos,False
17,92,2020-10-08 18:08:21.922525,Stanton,False
18,100,2020-08-17 02:06:49.065960,Stanfield,False
19,95,2020-04-30 22:30:27.267884,Arrow Rock,False
20,57,2020-10-31 00:06:21.051280,Darien,False
21,53,2021-09-21 21:27:31.125713,Palmetto Bay,False
22,89,2021-04-26 23:51:23.243792,Beaver Crossing,False
23,83,2020-03-07 12:21:17.108472,Boulder,False
24,63,2020-09-29 04:13:27.980932,Brookville,False
25,37,2021-06-06 01:12:29.200178,Mammoth,False
26,70,2021-04-10 05:06:13.544735,La Crescent,False
27,3,2020-05-07 04:24:59.212526,Candlewood Lake,False
28,25,2020-12-30 07:45:22.045301,Danbury,False
29,69,2021-07-10 17:24:45.765862,Valhalla,False
30,119,2020-07-15 21:56:36.904453,Movico,False
31,123,2020-07-22 06:28:17.636871,Yonkers,False
32,114,2020-08-20 12:03:32.449611,Chouteau,False
33,18,2020-03-23 05:07:35.677499,Cade,False
34,73,2020-10-22 16:53:31.691109,Klingerstown,False
35,56,2021-01-16 04:46:55.952527,Pickstown,False
36,99,2021-09-22 16:40:41.445123,Richfield,False
37,72,2021-10-18 05:10:40.672855,Marble,False
38,45,2020-09-06 16:22:14.316103,Doffing,False
39,44,2021-06-19 01:16:46.668305,Chincoteague,False
40,114,2021-05-09 04:27:17.927478,Lake Almanor Peninsula,False
41,118,2021-04-06 04:00:11.769789,Henning,False
42,20,2021-05-07 10:26:49.682055,Bulpitt,False
43,67,2021-08-27 05:08:36.133469,Plainville,False
44,38,2020-05-19 12:40:39.217837,Byron,False
45,93,2021-08-02 21:02:28.230257,Gardner,False
46,72,2021-11-20 20:56:41.089175,Garden Farms,False
47,17,2021-03-02 11:46:35.855996,Clinton,False
48,10,2020-08-21 10:28:39.014157,Bloomington,False
49,45,2021-03-27 09:31:55.062387,Chapin,False
50,120,2020-12-07 06:21:59.291006,Cache,False
51,108,2020-12-19 08:56:10.990121,Lemay,False
52,72,2020-11-24 18:18:45.869267,Puckett,False
53,118,2020-05-07 03:50:21.661166,Terrace Heights,False
54,96,2021-07-06 18:44:52.572560,Lenwood,False
55,59,2020-05-04 13:41:27.786248,Lamar,True
56,59,2020-05-18 13:41:27.786248,Huttig,False
56,45,2020-05-03 21:27:27.167873,West Point,False
57,30,2021-09-07 08:27:29.107915,Pennsbury Village,False
58,109,2020-12-28 07:07:57.860192,Hawthorne,False
59,7,2021-07-08 19:34:01.125052,Hart,False
60,27,2021-08-11 00:42:48.192066,Cherryvale,False
61,52,2021-02-23 17:12:12.361481,Elton,False
62,3,2020-06-06 02:25:35.253140,Mulat,False
63,100,2020-04-23 12:08:15.402811,Clarion,False
64,92,2020-04-26 11:54:07.212638,Downing,False
65,116,2020-07-25 13:58:14.582848,Mount Hope,False
66,1,2020-11-05 12:39:39.476288,Glen Lyon,False
67,17,2021-01-02 16:16:09.408749,Ephrata,False
68,45,2021-07-09 15:42:31.121757,Blyn,False
69,101,2021-10-17 07:35:12.179261,Woodville,False
70,45,2020-10-28 06:50:30.118561,Rye Brook,False
71,40,2020-06-11 23:06:42.686452,Anzac Village,False
72,69,2020-09-08 14:34:29.228544,Weston,False
73,12,2020-12-16 22:05:22.180397,Lomax,False
74,36,2021-06-08 18:23:51.631866,Salt Lake City,False
75,11,2020-07-08 06:53:38.442450,Park Ridge,False
76,36,2020-11-22 04:36:10.998983,Oronogo,False
77,106,2021-10-27 03:01:12.739845,West Point,False
78,82,2021-07-14 01:33:33.631707,Clarks Hill,False
79,62,2020-05-09 16:07:59.981465,Goodhue,True
80,62,2020-05-23 16:07:59.981465,West Glens Falls,False
80,99,2020-12-14 12:37:25.088872,Harvard,False
81,69,2021-04-17 10:49:12.370764,Colfax,False
82,111,2020-09-10 04:52:24.607372,Franklin,False
83,54,2020-06-13 23:42:35.571251,Brookwood,False
84,61,2020-12-16 20:32:24.503671,Proctorville,False
85,102,2021-04-14 07:55:21.605497,Lawton,True
86,102,2021-04-28 07:55:21.605497,Sheridan,False
86,3,2021-04-13 10:11:42.227921,Chester Center,False
87,21,2020-10-29 01:32:34.741692,Mier,False
88,22,2020-10-18 15:21:51.474317,Niles,False
89,95,2021-02-26 11:12:29.011587,Bath,False
90,21,2020-07-22 18:22:51.630529,Stickney,False
91,65,2021-01-13 15:41:09.179558,Terre du Lac,False
92,36,2020-06-16 02:03:18.274300,Galesburg,True
93,36,2020-06-30 02:03:18.274300,Pulaski,False
93,112,2020-12-17 11:41:05.669603,Bushnell,False
94,44,2020-05-01 19:28:14.354964,Pineville,False
95,79,2020-07-10 01:23:34.287298,Coconut Creek,False
96,70,2021-03-25 01:14:57.160069,Conover,False
97,61,2020-11-16 00:27:36.086922,Sinking Spring,False
98,19,2020-09-11 14:26:07.472442,Derby,False
99,116,2021-10-11 17:51:55.850951,Arbon Valley,False
100,42,2021-08-10 22:32:21.346508,Kingdom City,False
101,85,2020-06-27 14:14:50.928432,North Hills,False
102,30,2021-04-01 10:31:22.158818,Smyrna,False
103,117,2020-03-26 04:37:51.912574,Springfield,False
104,32,2021-03-11 07:24:37.045987,Bourbon,False
105,36,2021-05-09 01:02:01.061865,Kaneohe,False
106,100,2020-10-22 11:00:38.488837,Lakeview,False
107,119,2020-08-26 23:45:03.923593,Fort Collins,False
108,1,2020-06-15 19:33:39.768463,Columbia,False
109,42,2021-06-28 04:04:03.364668,Shannon,False
110,91,2020-04-27 20:31:34.720987,Chesterfield,False
111,120,2020-06-10 00:59:43.996239,Leesburg,False
112,48,2021-09-18 18:14:19.163519,New Summerfield,False
113,39,2020-06-09 12:24:11.008091,Elizabeth,False
114,85,2021-02-11 21:02:16.052731,Paradise Valley,False
115,52,2021-07-22 13:17:20.023259,Calipatria,False
116,52,2021-05-26 14:17:30.062078,Vining,False
117,67,2021-01-04 02:42:32.268673,Gay,False
118,123,2020-12-06 14:40:31.177467,Lincoln Heights,False
119,17,2020-03-08 10:47:46.223687,Purcellville,False
120,61,2020-10-30 22:02:21.190188,Meridian Hills,False
121,46,2021-10-06 08:09:47.836962,Hartford,False
122,80,2021-03-22 16:28:03.721499,Buffalo Springs,False
123,23,2021-11-15 02:55:15.051480,Tenino,False
124,18,2020-10-24 17:29:00.633806,Elk Creek,False
125,79,2020-04-24 00:09:27.507991,Minnesota City,False
126,7,2020-05-20 12:53:41.818505,Bayou Gauche,False
127,66,2021-10-31 02:45:24.703388,Grayson,False
128,99,2020-06-28 11:59:30.135589,Comptche,False
129,65,2020-05-31 22:00:53.751973,Tracy,False
130,32,2020-06-01 08:44:43.145101,Talmo,False
131,16,2021-06-05 11:30:58.932111,Whitley Gardens,False
132,24,2021-02-04 01:12:50.379449,Ridgeway,False
133,69,2021-03-05 03:02:22.303704,Manokotak,False
134,39,2021-04-23 00:59:11.689427,Los Ybanez,False
135,4,2020-08-30 15:35:35.126793,Bagdad,False
136,98,2021-10-21 17:43:22.298265,Donaldson,False
137,56,2021-10-05 13:39:47.927631,Fruitdale,False
138,68,2021-07-23 02:56:50.522121,Pine Level,False
139,7,2021-02-14 09:11:15.668681,Wekiwa Springs,False
140,75,2021-09-23 14:24:21.897107,Stone Harbor,False
141,68,2020-07-15 03:49:51.704207,Britton,False
142,86,2020-08-24 13:51:41.653385,Morganza,False
143,79,2021-09-06 01:51:55.697482,Cloverdale,False
144,16,2020-06-25 03:42:59.043630,Edwardsburg,False
145,93,2020-12-02 01:11:17.424054,Fancy Farm,False
146,46,2021-01-23 14:19:28.066593,Lebanon,False
147,11,2021-09-14 14:46:52.858939,Meridian Hills,False
148,90,2020-05-15 19:44:02.772693,Greenevers,False
149,61,2021-05-17 02:42:49.813051,Toledo,False
150,55,2020-10-24 15:37:09.910201,Enfield,False
151,106,2021-06-14 13:50:52.892987,Skidaway Island,False
152,31,2021-07-17 04:12:54.291579,Elko New Market,False
153,50,2021-10-20 14:06:09.097246,Stony Creek,False
154,78,2020-09-25 21:02:10.887109,New Athens,False
155,25,2020-12-23 15:31:19.974604,Jacksonboro,False
156,90,2021-10-17 04:26:52.020348,Purple Sage,False
157,44,2020-07-01 13:35:08.316256,St. Matthews,False
158,110,2020-10-17 00:40:39.444874,Yauco,False
159,100,2021-08-17 03:19:54.744290,Lake City,False
160,90,2021-01-19 16:44:28.802905,Prescott,False
161,90,2021-07-30 10:04:03.198705,Altus,False
162,84,2020-09-06 18:42:56.327559,Wilmerding,False
163,14,2021-05-22 20:04:27.151577,Hamburg,False
164,48,2021-09-18 19:29:57.331665,Damon,False
165,52,2021-03-15 20:54:41.963039,Rand,False
166,117,2021-11-17 23:43:02.014631,Apache Junction,False
167,34,2021-07-22 03:01:08.079650,Cedarville,False
168,97,2021-05-16 23:25:50.753789,Hysham,False
169,92,2021-11-09 06:08:14.566571,Ellington,False
170,1,2020-04-20 20:14:34.266080,West Liberty,False
171,100,2020-09-07 06:52:45.459731,Brownsville,False
172,78,2021-04-01 20:20:58.998433,Watson,False
173,97,2020-06-14 21:45:58.049759,Winfield,False
174,40,2021-11-11 12:40:48.588487,Mount Lebanon,False
175,68,2021-11-23 16:41:22.360157,Livonia,False
176,57,2020-07-24 22:19:46.849815,Boston,False
177,72,2020-04-09 14:33:20.179503,Topawa,False
178,103,2021-11-18 10:56:51.931455,Richardton,False
179,7,2021-04-08 16:48:49.234780,Brave,False
180,2,2021-05-21 21:00:53.311598,Valley Home,False
181,15,2021-10-20 17:29:36.676076,Walden,False
182,34,2020-09-04 10:49:38.580667,Wiseman,False
183,30,2020-06-26 04:36:35.371294,Otisville,False
184,96,2021-09-16 12:01:47.058382,Head of the Harbor,False
185,44,2020-06-15 10:34:32.548572,Freetown,False
186,121,2020-09-20 17:31:51.149093,East Douglas,False
187,90,2020-03-09 03:00:16.744138,Golva,False
188,73,2021-02-24 23:18:06.761382,Muddy,False
189,120,2021-07-27 09:30:27.724832,New Market,False
190,117,2021-08-17 18:09:55.502887,Eastlawn Gardens,False
191,78,2020-12-22 01:28:39.752521,Lafayette,False
192,47,2021-01-24 12:27:28.636434,Fruitland,False
193,18,2021-04-22 15:18:53.619748,Howard,False
194,88,2021-03-04 02:31:21.368925,Lake Bryan,False
195,33,2020-12-22 02:49:10.345042,Myton,False
196,108,2021-09-09 09:32:59.531020,Sylvan Lake,False
197,95,2021-10-29 05:13:46.900058,Melrose Park,False
198,55,2020-11-25 06:25:03.508828,Deemston,False
199,12,2020-03-29 09:33:05.543937,Audubon,False
200,20,2021-05-29 19:56:30.666622,Melbourne Beach,False
201,66,2021-04-23 11:11:57.587895,Terryville,False
202,114,2021-04-28 14:02:22.228726,Turton,False
203,93,2021-03-19 15:59:07.557312,Washtucna,False
204,117,2021-10-23 09:13:50.070201,Ruidoso Downs,False
205,25,2020-06-07 12:23:43.829499,Edgewood,False
206,7,2021-04-08 10:37:31.206498,De Lamere,False
207,44,2020-05-09 01:37:12.908235,Rafael Hernández,False
208,125,2020-06-13 14:02:43.046766,Hoschton,False
209,124,2020-09-21 18:40:17.525352,Breezy Point,False
210,26,2021-01-10 21:24:06.989573,Gary,False
211,46,2020-03-24 03:46:32.797227,Blairstown,False
212,86,2021-04-17 16:20:28.325325,Marbleton,False
213,72,2021-05-09 13:41:33.237335,Brandermill,False
214,60,2020-11-18 20:18:44.553631,La Presa,False
215,60,2021-03-03 10:48:05.128425,Clay Center,False
216,67,2021-09-24 18:32:54.001784,Spottsville,False
217,31,2020-11-29 07:53:24.882484,Butte,False
218,123,2021-03-01 13:24:52.979164,Vineyards,False
219,11,2021-04-27 06:50:14.313672,Berkeley Lake,False
220,101,2021-09-28 06:30:48.260782,Denton,False
221,48,2021-01-08 05:11:39.146584,Blountsville,False
222,37,2020-11-16 12:48:25.237276,Berkley,False
223,80,2020-11-25 07:01:43.367067,East Bethel,False
224,51,2020-05-28 01:54:30.742554,St. James,False
225,76,2021-05-22 22:19:05.903715,Crownsville,False
226,18,2020-05-26 02:13:16.453265,Sissonville,False
227,113,2021-10-09 19:07:27.829634,Fuquay-Varina,False
228,116,2020-12-03 21:11:34.035199,Churchill,False
229,11,2020-06-16 13:32:46.470870,Groveland,False
230,83,2020-06-10 09:38:25.193883,Bay View Gardens,False
231,53,2020-09-05 14:07:27.277058,Pistakee Highlands,False
232,23,2020-03-08 00:50:47.878936,Centralhatchee,False
233,96,2020-09-24 04:20:59.310667,Makaha,False
234,111,2020-09-29 01:36:02.251696,Waukau,False
235,73,2020-09-21 17:49:35.827280,Wapato,False
236,80,2020-09-04 04:00:38.215868,Osseo,False
237,46,2021-05-11 10:30:28.197333,Eaton,False
238,86,2020-10-30 02:45:01.755201,Thompsonville,False
239,58,2020-12-11 23:30:56.653612,Madison,False
240,52,2020-10-13 11:20:34.768558,Waldwick,False
241,103,2021-04-18 06:28:38.411104,Crandall,False
242,66,2021-02-04 00:49:31.024509,High Springs,False
243,21,2021-11-13 23:34:50.379066,Lake Heritage,False
244,43,2021-04-11 14:08:27.765423,Chewey,False
245,80,2021-09-19 11:04:03.959971,Winslow,False
246,13,2020-06-09 21:18:50.484167,Vernon,False
247,92,2020-03-19 09:03:53.770555,Chickaloon,False
248,90,2020-10-13 03:24:32.675768,Davenport,False
249,117,2021-06-22 19:54:56.809987,Rehrersburg,False
250,1,2021-05-04 20:02:12.502998,Bassett,False
251,63,2020-12-19 08:55:16.098176,Endeavor,False
252,24,2021-07-29 23:29:02.589251,Bonners Ferry,False
253,35,2020-06-09 18:44:42.127722,Nesquehoning,False
254,97,2020-03-22 12:39:06.747949,Proctorville,False
255,113,2021-08-28 22:33:13.626003,Candler-McAfee,False
256,103,2020-10-29 00:07:17.338828,Metuchen,False
257,76,2021-04-10 14:48:37.497416,Ripley,False
258,99,2020-12-25 18:29:40.350962,Emma,False
259,100,2020-10-29 22:45:10.089511,Keyport,False
260,25,2020-09-17 17:02:44.187782,Sayre,False
261,32,2020-10-08 08:23:54.384022,Orestes,False
262,100,2021-10-07 09:43:25.875100,Prairie du Chien,False
263,105,2021-11-03 16:54:52.120248,Ashley,False
264,122,2020-11-10 14:23:12.265729,Oran,False
265,35,2021-05-03 17:20:06.020098,Chapman,False
266,27,2020-09-05 02:01:15.003638,Forestville,False
267,51,2021-05-19 23:42:33.679111,Mountain Lodge Park,False
268,122,2020-09-09 23:24:24.277094,Lewis,False
269,99,2021-06-24 05:38:49.051137,Big Sandy,False
270,17,2021-07-08 23:36:25.948556,Glendale,False
271,94,2021-01-12 18:33:25.595819,Sperryville,True
272,94,2021-01-26 18:33:25.595819,North City,False
272,62,2020-10-21 23:30:58.437673,Tuckerton,False
273,6,2021-05-15 17:51:49.322342,Blackfoot,False
274,81,2021-01-07 01:54:23.815539,Fairview,False
275,53,2021-05-28 20:33:21.088295,Hiko,False
276,58,2021-06-11 21:28:49.874413,Carmichael,False
277,124,2020-07-06 11:50:08.163559,Mammoth Spring,False
278,42,2020-10-05 07:05:14.568432,Hesperia,False
279,12,2021-07-16 18:34:40.740136,Indianola,False
280,1,2021-06-23 14:50:04.524399,Paloma Creek,False
281,95,2021-11-05 14:54:38.333294,Lost Creek,False
282,12,2020-05-08 21:09:55.022663,Lyndhurst,False
283,21,2020-12-18 13:55:54.784993,Cannon Falls,False
284,25,2021-03-12 21:35:17.787293,Rapid City,False
285,102,2021-07-15 16:06:25.419617,Cassoday,False
286,20,2021-02-27 02:40:24.554451,Tierra Amarilla,False
287,60,2020-09-26 17:07:29.252977,Douglass,False
288,21,2021-05-08 18:17:36.289892,Northview,False
289,23,2020-05-07 00:28:36.461902,Boneau,False
290,100,2020-06-26 20:59:46.301533,Cullen,False
291,20,2021-03-21 19:31:43.104106,Mound City,False
292,104,2020-04-07 22:53:58.330997,Geneseo,False
293,31,2021-06-24 07:59:07.527513,Oak Hill,False
294,3,2020-06-19 15:46:41.457533,Thorp,False
295,48,2020-03-19 23:49:18.450958,Burden,False
296,20,2021-04-02 05:30:10.507215,Wesley Chapel,False
297,114,2021-09-05 16:58:07.898650,Santa Cruz,False
298,121,2020-07-09 14:37:39.055652,London,False
299,25,2020-09-24 10:31:44.109571,Kempner,False
300,50,2021-04-29 10:12:17.275489,Greensboro,False
301,88,2021-11-21 12:02:48.195281,Arley,False
302,13,2020-03-18 09:19:32.845925,Terrebonne,False
303,108,2020-05-06 06:46:38.071497,Yuba,False
304,30,2020-11-06 21:37:57.328331,Bandana,False
305,120,2020-04-17 18:16:07.334648,Brushy Creek,False
306,108,2021-01-30 23:01:54.472512,Cedar Glen Lakes,False
307,111,2021-01-03 12:06:23.671477,Garwood,False
308,76,2020-07-03 02:18:35.208932,Quitaque,False
309,12,2020-08-31 08:30:34.967071,Excelsior Springs,False
310,119,2021-11-12 06:48:29.689413,Holly Ridge,False
311,1,2021-10-16 13:16:52.445546,Farrell,False
312,110,2020-08-24 11:52:50.541664,Storla,False
313,78,2021-02-27 13:07:41.651280,Huntersville,False
314,84,2021-03-23 09:01:17.142881,Trego,False
315,32,2021-08-10 18:28:07.066562,Hitchita,False
316,34,2020-10-02 04:05:54.118055,Fort Bidwell,False
317,96,2020-05-27 00:58:13.688913,Waggoner,False
318,123,2021-03-27 00:00:34.477490,Spinnerstown,False
319,63,2021-03-07 15:26:11.863919,Vanceburg,True
320,63,2021-03-21 15:26:11.863919,Kekoskee,False
320,38,2020-08-07 14:37:45.481007,Greensboro,False
321,79,2020-04-10 02:24:28.922970,Finger,False
322,113,2020-08-07 18:56:00.813112,South Barrington,False
323,38,2021-11-03 09:01:36.457931,Mound Valley,False
324,89,2021-08-23 00:36:27.386843,Moraine,False
325,48,2020-03-12 03:31:45.080087,Uintah,False
326,68,2021-05-17 14:57:52.555101,Baltimore Highlands,False
327,78,2021-11-21 07:41:16.379124,Old Greenwich,False
328,55,2021-03-06 19:55:06.646720,Philipsburg,False
329,71,2021-02-22 06:02:53.074783,Maquoketa,False
330,50,2021-04-24 14:00:52.464161,Lakes of the Four Seasons,False
331,104,2020-12-10 19:46:16.396600,Delta,False
332,53,2020-09-07 03:29:37.162766,Harbour Heights,False
333,39,2020-03-12 20:49:21.220347,Buffalo,False
334,36,2021-10-17 23:10:21.197176,Shinnecock Hills,False
335,43,2020-03-08 18:46:02.296561,Hunter,False
336,50,2020-08-15 12:46:32.117667,Wilmington Manor,False
337,90,2020-11-08 20:07:45.338898,Ocean Beach,False
338,69,2020-08-15 04:16:04.664451,Foreman,False
339,10,2021-08-23 23:52:27.821801,Pearl,False
340,102,2021-08-10 22:41:14.987162,Worthington Springs,False
341,10,2020-05-14 23:15:16.938167,Ernstville,False
342,125,2020-06-04 20:26:35.603554,Hollenberg,False
343,117,2021-09-17 11:47:14.002895,Edmond,False
344,48,2021-03-11 11:54:25.482326,St. Cloud,False
345,83,2021-08-08 11:01:52.100769,Fordyce,False
346,78,2020-11-24 10:24:24.395590,Poole,False
347,58,2021-11-13 15:29:19.468537,Bancroft,False
348,41,2021-06-07 11:27:45.231296,Chamois,False
349,72,2021-11-17 21:06:16.340173,Marengo,False
350,34,2021-06-01 05:24:39.348711,Sanger,False
351,21,2020-12-30 21:07:08.641162,Hendricks,False
352,108,2020-12-05 02:40:44.224163,Pleasant Hill,False
353,69,2021-04-09 12:32:49.229342,West Farmington,False
354,67,2021-11-15 21:17:22.333037,Reynolds,False
355,26,2020-04-25 15:59:41.089293,Maitland,False
356,5,2020-11-17 06:41:40.372434,Clarks,False
357,7,2021-11-14 08:10:24.776262,Beaver Meadows,False
358,5,2021-04-17 23:00:34.269965,Radnor,False
359,109,2021-04-10 00:02:56.243647,Stockton,False
360,85,2020-11-28 03:13:13.484114,Dike,False
361,124,2021-07-09 18:44:01.750491,Conley,False
362,86,2020-08-08 06:08:10.395152,Bird-in-Hand,False
363,116,2020-10-04 14:02:02.136109,Mountainair,False
364,22,2020-07-29 02:47:34.212552,Truxton,False
365,51,2021-04-24 16:10:30.923021,Ranger,False
366,105,2021-04-05 22:14:59.793226,Micanopy,False
367,95,2020-03-13 01:52:35.268747,Offerle,False
368,60,2020-08-05 22:17:30.245595,Allen,False
369,68,2021-10-19 10:04:23.893383,Harris Hill,False
370,81,2021-11-23 04:40:08.820716,Parklawn,False
371,9,2020-11-29 21:56:15.136620,Winters,False
372,38,2020-03-28 07:29:09.296151,Hope,False
373,85,2021-03-14 16:55:03.596153,Seiling,False
374,81,2020-11-15 23:55:03.721516,Naytahwaush,False
375,62,2021-04-24 22:18:28.628574,Mermentau,False
376,91,2020-12-25 22:15:00.091679,West Pittston,False
377,27,2021-07-31 04:55:28.459067,Wellsville,False
378,95,2020-07-22 23:18:43.825611,Hardesty,False
379,106,2021-01-10 05:13:08.142160,Ramseur,False
380,72,2021-02-01 12:24:22.010601,Fairbanks Ranch,False
381,109,2021-09-24 19:00:12.533778,Plainsboro Center,False
382,58,2021-07-13 02:51:37.720578,Fallston,False
383,122,2020-06-11 15:45:20.358002,Harrington,False
384,70,2020-11-24 17:28:11.544351,Winthrop,False
385,101,2020-12-16 21:44:23.596842,Coldfoot,False
386,39,2021-04-01 20:35:19.776640,Balm,False
387,21,2020-07-08 07:16:02.452858,Radium Springs,False
388,24,2020-09-15 17:11:28.249260,Stockham,False
389,115,2021-03-10 09:54:43.295799,La Fermina,False
390,90,2020-09-07 21:22:44.633642,Harbor Bluffs,False
391,123,2021-11-18 07:26:40.589698,North Tunica,False
392,71,2021-11-02 07:57:55.393826,Easton,False
393,76,2021-10-06 02:39:23.703589,Fulton,False
394,27,2021-06-14 05:13:30.720279,Orland Park,False
395,91,2020-12-06 20:23:08.175977,Evendale,False
396,63,2021-10-14 03:01:48.987227,El Paraiso,False
397,77,2020-03-05 04:39:40.266052,Santee,False
398,85,2021-01-03 10:47:23.648544,Lake Don Pedro,False
399,50,2020-03-14 11:07:27.326689,Augusta,False
400,98,2021-05-01 03:13:29.132789,Flint Hill,False
401,103,2021-11-19 00:22:44.981890,Vernon,False
402,48,2021-05-16 17:45:24.525289,Piffard,False
403,119,2021-08-29 18:42:51.744135,Melvin,False
404,123,2021-01-03 04:31:31.935953,Jasper,False
405,49,2020-12-17 07:49:57.748904,Midlothian,False
406,8,2021-07-18 10:25:01.017533,Joyce,False
407,64,2021-04-22 15:08:00.051358,White Mills,False
408,108,2020-05-04 01:27:09.386504,Arcadia,False
409,81,2020-06-11 22:16:56.097097,Flagstaff,False
410,29,2020-11-23 21:10:40.612500,Bellevue,False
411,14,2021-10-02 06:13:59.729056,Santa Clara,False
412,104,2020-06-02 06:42:58.333292,Russellville,False
413,26,2020-11-30 20:16:17.543978,Owl Ranch,False
414,100,2021-05-11 10:42:04.931748,Saline,False
415,117,2020-08-11 14:43:20.845231,Lake Mills,False
416,60,2020-10-06 12:25:43.036220,Gibson City,False
417,123,2020-03-19 03:48:36.439029,Kings Bay Base,True
418,123,2020-04-02 03:48:36.439029,Robertson,False
418,75,2020-11-16 11:42:47.111605,Samoset,False
419,9,2020-05-18 11:59:56.795157,Kenton,False
420,82,2021-08-16 01:26:07.910918,Palos Hills,False
421,43,2021-01-28 19:22:34.338371,Thynedale,False
422,42,2021-09-17 09:39:03.788795,Grayson,False
423,45,2020-11-28 12:45:13.611511,Helvetia,False
424,91,2020-05-07 00:35:26.074854,Lincoln,False
425,76,2021-07-22 11:40:47.483754,Lamar Heights,False
426,9,2021-09-05 19:28:37.750761,McCracken,False
427,123,2020-12-16 18:58:11.179023,Unionville,False
428,67,2020-12-09 12:34:40.631231,Duquesne,False
429,3,2021-08-11 09:52:12.351606,Leesville,False
430,68,2020-03-10 19:56:19.174715,Dana Point,False
431,89,2021-06-23 12:38:40.647002,Buckman,False
432,60,2020-04-02 23:37:48.608755,Homer City,False
433,117,2020-11-03 01:13:35.380259,Radcliffe,False
434,89,2020-04-07 19:55:44.694756,Bartlett,False
435,120,2020-11-10 10:02:30.466729,Cleary,False
436,52,2020-03-07 23:47:10.675620,New Freedom,False
437,101,2020-06-24 23:24:42.184325,Marlton,False
438,64,2021-04-01 15:24:12.617700,Oak Ridge,False
439,103,2021-09-10 08:03:52.740440,Catlettsburg,False
440,71,2021-08-13 16:00:19.227857,Lawrence Creek,False
441,40,2020-09-20 05:33:55.412975,Duncan,False
442,98,2021-02-05 00:48:38.522521,Hamilton,False
443,23,2020-07-20 07:26:13.525521,Clayton,False
444,22,2020-10-02 17:35:27.073940,Elma Center,False
445,30,2020-11-11 03:54:21.542478,Eschbach,False
446,27,2020-07-30 04:04:57.442633,Vestavia Hills,False
447,75,2020-04-01 19:51:11.757816,Westport,False
448,64,2020-12-30 03:21:01.782921,Raymondville,False
449,26,2021-01-10 14:04:32.514713,Kildeer,False
450,65,2021-11-20 04:12:40.353392,Clarksville City,False
451,98,2021-06-03 13:27:47.089431,Centreville,False
452,33,2021-02-04 19:52:59.780759,Montpelier,False
453,97,2020-05-03 00:49:45.353045,Tangerine,False
454,79,2021-10-12 17:46:34.032332,Fort Bliss,False
455,48,2021-05-10 02:58:26.430615,Oak Grove,False
456,57,2020-09-04 07:23:31.848407,Websters Crossing,True
457,57,2020-09-18 07:23:31.848407,Pinardville,False
457,26,2021-08-08 15:52:10.595919,Cienega Springs,False
458,43,2021-10-05 04:11:52.154367,Plymouth,False
459,99,2021-10-31 15:46:37.929787,New Preston,False
460,111,2021-09-03 00:22:28.691460,Golconda,False
461,119,2021-01-08 15:08:56.764999,Proctorsville,False
462,85,2021-08-09 07:33:13.080380,Belknap,False
463,72,2021-08-11 14:46:02.168530,Hawley,False
464,14,2021-10-03 08:34:53.672985,Mazie,True
465,14,2021-10-17 08:34:53.672985,Mayetta,False
465,86,2020-04-03 17:00:18.001046,Galena,False
466,98,2021-11-02 15:57:51.348215,Fair Grove,False
467,8,2021-09-12 22:29:56.246159,Terre Haute,False
468,55,2021-05-14 08:32:55.022293,Caulksville,False
469,41,2021-07-20 10:56:34.602881,Severna Park,False
470,27,2020-12-08 09:19:31.665064,Platte City,False
471,21,2020-11-07 11:08:03.970996,Putnam,False
472,120,2020-04-18 10:07:05.767750,Kettering,False
473,92,2021-08-27 13:46:06.916860,Bellville,False
474,87,2021-07-08 22:04:56.703295,Hornsby,False
475,68,2020-12-12 11:11:49.954772,Mission,False
476,50,2021-08-10 20:04:58.565262,North Decatur,False
477,94,2021-06-17 14:01:37.696691,Clarendon Hills,False
478,11,2021-03-16 14:42:38.668579,White Oak,False
479,35,2021-10-02 07:26:34.535751,Stroud,False
480,72,2021-10-14 03:34:10.574396,Hiawatha,False
481,107,2021-09-08 02:32:27.369480,Brooklyn Heights,False
482,27,2020-12-28 20:26:04.533269,McCurtain,False
483,89,2020-12-03 02:48:55.142999,Paxtang,False
484,10,2020-04-19 09:28:45.831596,Sidney,False
485,90,2020-08-05 07:16:05.370913,Highland Beach,False
486,29,2020-03-10 20:15:12.796830,Carlin,False
487,46,2021-08-20 21:24:09.673601,Passaic,False
488,6,2021-09-08 22:37:01.112215,West Alexander,False
489,92,2021-08-02 21:40:10.077125,Neabsco,False
490,22,2020-05-04 18:41:24.753581,Somerville,False
491,109,2021-04-10 06:02:25.965265,Quinwood,False
492,27,2020-06-10 07:25:35.247303,Speed,False
493,4,2021-02-20 22:26:02.797857,Moline,False
494,11,2021-08-20 16:04:28.259060,Caruthers,False
495,11,2021-09-16 05:32:43.708871,Dove Creek,False
496,65,2020-04-12 21:15:55.471668,Newport,True
497,65,2020-04-26 21:15:55.471668,Portland,False
497,22,2020-03-23 02:14:00.745983,Marianna,False
498,101,2021-05-20 16:44:47.638815,Quiogue,False
499,24,2021-05-15 07:55:37.210697,Rosholt,False
